[1,["24xBnqY6hOoanQf8RpSJu8@f9941","24xBnqY6hOoanQf8RpSJu8@6c48a","e0/44Fvp1MBpd6dVzcP+VI@f9941","e1e0UmV6JI06zJzwnzCqE4","e0/44Fvp1MBpd6dVzcP+VI@6c48a"],["node","_textureSource","_spriteFrame","_cameraComponent","scene","_parent","_file","spriteFrame"],[["cc.Node",["_name","_layer","_id","_components","_lpos","_parent","_children","_lscale"],0,9,5,1,2,5],"cc.SpriteFrame",["cc.UITransform",["node","_contentSize"],3,1,5],["cc.SceneAsset",["_name"],2],["cc.Node",["_name","_parent","_components","_lpos"],2,1,2,5],["cc.Canvas",["node","_cameraComponent"],3,1,1],["cc.Widget",["_alignFlags","_top","_bottom","node"],0,1],["cc.ParticleSystem2D",["_name","_dstBlendFactor","emissionRate","life","lifeVar","angle","angleVar","startSize","startSizeVar","endSize","startSpin","endSpin","endSpinVar","speed","speedVar","tangentialAccel","tangentialAccelVar","radialAccel","radialAccelVar","rotationIsDir","startRadius","_custom","_totalParticles","node","posVar","gravity","_startColor","_endColor","_file","_spriteFrame"],-20,1,5,5,5,5,6,6],["5000bGLYmdEEZxiV8+QFOiE",["node"],3,1],["cc.Sprite",["node","_spriteFrame"],3,1,6],["cc.Scene",["_name","_children","_globals"],2,2,4],["cc.SceneGlobals",["ambient","shadows","_skybox","fog","octree","skin","lightProbeInfo","postSettings"],3,4,4,4,4,4,4,4,4],["cc.AmbientInfo",["_skyColorHDR","_groundAlbedoHDR"],3,5,5],["cc.ShadowsInfo",["_shadowColor","_size"],3,5,5],["cc.SkyboxInfo",[],3],["cc.FogInfo",[],3],["cc.OctreeInfo",[],3],["cc.SkinInfo",["_enabled"],2],["cc.LightProbeInfo",[],3],["cc.PostSettingsInfo",[],3],["cc.Camera",["_projection","_orthoHeight","_near","_visibility","node","_color"],-1,1,5],["cc.ParticleAsset",["_name","_native"],1]],[[2,0,1,1],[3,0,2],[0,0,1,2,6,3,4,4],[0,0,1,5,3,4,3],[0,0,1,5,3,4,7,3],[4,0,1,2,3,2],[2,0,1],[5,0,1,1],[6,0,1,2,3,4],[7,0,1,2,3,4,5,6,7,8,9,10,11,12,13,14,15,16,17,18,19,20,21,22,23,24,25,26,27,28,29,24],[8,0,1],[9,0,1,1],[10,0,1,2,2],[11,0,1,2,3,4,5,6,7,1],[12,0,1,1],[13,0,1,1],[14,1],[15,1],[16,1],[17,0,2],[18,1],[19,1],[20,0,1,2,3,4,5,5],[21,0,1,3]],[[[{"name":"atom","rect":{"x":0,"y":0,"width":31,"height":31},"offset":{"x":0,"y":0},"originalSize":{"width":31,"height":31},"rotated":false,"capInsets":[0,0,0,0],"vertices":{"rawPosition":[-15.5,-15.5,0,15.5,-15.5,0,-15.5,15.5,0,15.5,15.5,0],"indexes":[0,1,2,2,1,3],"uv":[0,31,31,31,0,0,31,0],"nuv":[0,0,1,0,0,1,1,1],"minPos":{"x":-15.5,"y":-15.5,"z":0},"maxPos":{"x":15.5,"y":15.5,"z":0}},"packable":true,"pixelsToUnit":100,"pivot":{"x":0.5,"y":0.5},"meshType":0}],[1],0,[0],[1],[1]],[[[1,"scene"],[2,"Canvas",33554432,"beI88Z2HpFELqR4T5EMHpg",[-5,-6,-7],[[0,-1,[5,1280,720]],[7,-3,-2],[8,45,5.684341886080802e-14,5.684341886080802e-14,-4]],[1,640,360.00000000000006,0]],[3,"Particle2D",33554432,1,[[6,-8],[9,"Node<ParticleSystem2D>",1,500,0.20000000298023224,0.5,360,360,3.369999885559082,50,30.31999969482422,-47.369998931884766,-47.369998931884766,-142.11000061035156,0,190.7899932861328,-92.11000061035156,65.79000091552734,-671.0499877929688,65.79000091552734,true,100,true,300,-9,[0,7,7],[0,0.25,0.8600000143051147],[4,441895114],[4,3605749812],1,2],[10,-10]],[1,-85.856,-47.481,0]],[4,"level_complete",33554432,1,[[0,-11,[5,1280,720]],[11,-12,0]],[1,11.209,-1.383,0],[1,1.028,1.028,1.028]],[12,"scene",[1],[13,[14,[2,0,0,0,0.520833125],[2,0,0,0,0]],[15,[4,4283190348],[0,512,512]],[16],[17],[18],[19,false],[20],[21]]],[5,"Camera",1,[-13],[1,0,0,1000]],[22,0,499.7077244258873,0,1108344832,5,[4,4278190080]]],0,[0,0,1,0,3,6,0,0,1,0,0,1,0,-1,3,0,-2,5,0,-3,2,0,0,2,0,0,2,0,0,2,0,0,3,0,0,3,0,-1,6,0,4,4,1,5,4,13],[0,0,0],[2,6,2],[2,3,0]],[[{"name":"level_complete","rect":{"x":0,"y":0,"width":1280,"height":720},"offset":{"x":0,"y":0},"originalSize":{"width":1280,"height":720},"rotated":false,"capInsets":[0,0,0,0],"vertices":{"rawPosition":[-640,-360,0,640,-360,0,-640,360,0,640,360,0],"indexes":[0,1,2,2,1,3],"uv":[0,720,1280,720,0,0,1280,0],"nuv":[0,0,1,0,0,1,1,1],"minPos":{"x":-640,"y":-360,"z":0},"maxPos":{"x":640,"y":360,"z":0}},"packable":true,"pixelsToUnit":100,"pivot":{"x":0.5,"y":0.5},"meshType":0}],[1],0,[0],[1],[4]],[[[23,"atom_new",".plist"],-1],0,0,[0],[7],[0]]]]
